product_id,product_name,category,brand,unit_cost_krw,unit_price_krw,stock_qty,status
500001,삼성 데스크탑 에어 854,데스크탑,삼성,1131000,1551000,104,판매중
500002,LG 액세서리 프로 195,액세서리,LG,2423000,3623200,223,판매중
500003,삼성 소프트웨어 스마트 325,소프트웨어,삼성,2303000,3084100,459,판매중
500004,MS 노트북 라이트 384,노트북,MS,658000,1111100,159,판매중
500005,LG 네트워크장비 라이트 967,네트워크장비,LG,384000,562900,352,판매중
500006,엡손 노트북 스마트 180,노트북,엡손,1886000,2971100,565,판매중
500007,레노버 소프트웨어 울트라 146,소프트웨어,레노버,2369000,3161600,677,판매중
500008,LG 저장장치 스마트 384,저장장치,LG,958000,1730600,464,판매중
500009,애플 네트워크장비 맥스 818,네트워크장비,애플,1521000,2203400,699,판매중
500010,캐논 소프트웨어 플러스 267,소프트웨어,캐논,705000,1109500,473,판매중
500011,HP 액세서리 프로 334,액세서리,HP,1333000,2386000,32,판매중
500012,Dell 프린터 라이트 317,프린터,Dell,276000,371900,671,판매중
500013,애플 소모품 맥스 864,소모품,애플,1089000,1413200,598,판매중
500014,ASUS 소프트웨어 에어 621,소프트웨어,ASUS,1487000,2012600,505,판매중
500015,LG 노트북 스마트 710,노트북,LG,631000,1034300,65,판매중
500016,로지텍 소프트웨어 프로 796,소프트웨어,로지텍,2172000,2988600,738,판매중
500017,MS 액세서리 라이트 214,액세서리,MS,1097000,1906600,300,판매중
500018,삼성 소모품 에어 619,소모품,삼성,1083000,2036300,108,판매중
500019,캐논 저장장치 에어 482,저장장치,캐논,2084000,3389100,780,판매중
500020,삼성 액세서리 프로 214,액세서리,삼성,2458000,3507300,371,판매중
500021,HP 저장장치 울트라 187,저장장치,HP,242000,331200,749,판매중
500022,MS 데스크탑 에어 775,데스크탑,MS,2186000,3795000,486,판매중
500023,Dell 모니터 스마트 316,모니터,Dell,2166000,3921900,552,판매중
500024,엡손 키보드/마우스 라이트 548,키보드/마우스,엡손,1281000,1894900,529,판매중
500025,HP 키보드/마우스 플러스 702,키보드/마우스,HP,267000,383500,225,단종
500026,HP 노트북 라이트 172,노트북,HP,281000,515200,526,판매중
500027,HP 소모품 넥스트 348,소모품,HP,2213000,2860500,484,판매중
500028,LG 키보드/마우스 라이트 533,키보드/마우스,LG,402000,667800,420,판매중
500029,캐논 노트북 라이트 919,노트북,캐논,408000,506900,111,판매중
500030,씨게이트 키보드/마우스 에어 385,키보드/마우스,씨게이트,1842000,2391100,473,판매중
500031,로지텍 데스크탑 프로 195,데스크탑,로지텍,2259000,2865600,771,판매중
500032,ASUS 모니터 스마트 160,모니터,ASUS,1994000,3064600,168,판매중
500033,Dell 프린터 넥스트 258,프린터,Dell,1868000,2614500,194,판매중
500034,WD 노트북 라이트 158,노트북,WD,2225000,2764900,51,판매중
500035,씨게이트 액세서리 울트라 971,액세서리,씨게이트,649000,804600,190,판매중
500036,캐논 데스크탑 플러스 692,데스크탑,캐논,968000,1435100,608,단종
500037,ASUS 데스크탑 라이트 367,데스크탑,ASUS,2395000,3821600,209,판매중
500038,HP 네트워크장비 맥스 568,네트워크장비,HP,1092000,1612900,323,판매중
500039,삼성 데스크탑 울트라 175,데스크탑,삼성,1882000,3076700,550,판매중
500040,애플 저장장치 플러스 478,저장장치,애플,1434000,2605000,291,판매중
500041,엡손 액세서리 프로 783,액세서리,엡손,1244000,2025400,567,판매중
500042,애플 데스크탑 울트라 860,데스크탑,애플,1088000,1393500,566,판매중
500043,WD 저장장치 플러스 803,저장장치,WD,867000,1475900,649,판매중
500044,로지텍 액세서리 프로 194,액세서리,로지텍,1033000,1894200,649,판매중
500045,삼성 저장장치 에어 752,저장장치,삼성,19000,27200,268,판매중
500046,씨게이트 소모품 울트라 177,소모품,씨게이트,1756000,2796600,707,판매중
500047,삼성 액세서리 에어 540,액세서리,삼성,1517000,2438900,130,단종
500048,MS 네트워크장비 플러스 798,네트워크장비,MS,168000,307300,255,판매중
500049,MS 네트워크장비 스마트 735,네트워크장비,MS,2298000,4179800,767,판매중
500050,애플 키보드/마우스 프로 283,키보드/마우스,애플,730000,1326400,754,판매중
500051,MS 프린터 울트라 491,프린터,MS,1021000,1415800,39,판매중
500052,HP 키보드/마우스 플러스 328,키보드/마우스,HP,1890000,2730500,24,판매중
500053,레노버 프린터 맥스 459,프린터,레노버,1146000,2068500,656,판매중
500054,레노버 액세서리 맥스 282,액세서리,레노버,118000,151100,594,판매중
500055,삼성 저장장치 라이트 846,저장장치,삼성,449000,726300,321,판매중
500056,LG 액세서리 플러스 360,액세서리,LG,1582000,2894500,45,판매중
500057,씨게이트 노트북 플러스 472,노트북,씨게이트,2210000,3714500,441,판매중
500058,WD 네트워크장비 울트라 837,네트워크장비,WD,1290000,2147000,307,판매중
500059,레노버 프린터 에어 296,프린터,레노버,1653000,2790300,430,판매중
500060,캐논 프린터 맥스 515,프린터,캐논,717000,1169300,561,판매중
500061,Dell 저장장치 라이트 576,저장장치,Dell,865000,1298200,452,판매중
500062,씨게이트 키보드/마우스 에어 774,키보드/마우스,씨게이트,1943000,3411100,86,판매중
500063,레노버 소프트웨어 플러스 788,소프트웨어,레노버,387000,686100,317,판매중
500064,애플 키보드/마우스 넥스트 725,키보드/마우스,애플,105000,129300,786,판매중
500065,캐논 프린터 스마트 606,프린터,캐논,2362000,3155800,409,판매중
500066,MS 노트북 플러스 280,노트북,MS,441000,769400,712,판매중
500067,씨게이트 노트북 울트라 567,노트북,씨게이트,1025000,1888200,136,판매중
500068,씨게이트 액세서리 넥스트 727,액세서리,씨게이트,2443000,3474200,736,판매중
500069,씨게이트 프린터 넥스트 560,프린터,씨게이트,1831000,3347100,265,판매중
500070,MS 저장장치 플러스 381,저장장치,MS,2140000,3293900,450,판매중
500071,HP 저장장치 울트라 241,저장장치,HP,1117000,1602900,154,판매중
500072,엡손 모니터 스마트 438,모니터,엡손,881000,1096800,555,판매중
500073,HP 노트북 프로 977,노트북,HP,1725000,2540200,783,판매중
500074,삼성 소모품 스마트 973,소모품,삼성,1445000,2036000,429,판매중
500075,MS 액세서리 넥스트 324,액세서리,MS,2475000,4525400,279,판매중
500076,ASUS 노트북 스마트 841,노트북,ASUS,1381000,2303800,169,판매중
500077,WD 모니터 스마트 706,모니터,WD,2192000,2671700,577,판매중
500078,캐논 데스크탑 넥스트 286,데스크탑,캐논,1760000,2279100,51,판매중
500079,HP 네트워크장비 스마트 384,네트워크장비,HP,1867000,2667500,770,판매중
500080,Dell 프린터 프로 458,프린터,Dell,340000,519900,229,판매중
500081,MS 노트북 플러스 959,노트북,MS,132000,246100,20,판매중
500082,애플 키보드/마우스 플러스 576,키보드/마우스,애플,1944000,3243700,716,판매중
500083,애플 네트워크장비 울트라 896,네트워크장비,애플,2486000,4039900,167,판매중
500084,WD 데스크탑 스마트 506,데스크탑,WD,110000,203500,732,판매중
500085,엡손 소프트웨어 맥스 970,소프트웨어,엡손,999000,1270000,700,판매중
500086,MS 데스크탑 라이트 645,데스크탑,MS,2323000,4060200,438,판매중
500087,씨게이트 데스크탑 스마트 942,데스크탑,씨게이트,1402000,1694800,501,판매중
500088,캐논 네트워크장비 스마트 280,네트워크장비,캐논,1888000,3200300,751,판매중
500089,WD 저장장치 넥스트 546,저장장치,WD,2209000,3848600,748,판매중
500090,HP 네트워크장비 넥스트 349,네트워크장비,HP,359000,500800,768,판매중
500091,캐논 소프트웨어 넥스트 971,소프트웨어,캐논,1557000,2235000,332,판매중
500092,레노버 키보드/마우스 맥스 669,키보드/마우스,레노버,1063000,1528800,10,판매중
500093,LG 키보드/마우스 넥스트 668,키보드/마우스,LG,993000,1692100,776,판매중
500094,캐논 소모품 프로 195,소모품,캐논,2015000,3050100,301,판매중
500095,Dell 키보드/마우스 라이트 535,키보드/마우스,Dell,2387000,3480900,763,판매중
500096,엡손 네트워크장비 맥스 336,네트워크장비,엡손,1863000,2588900,123,판매중
500097,LG 네트워크장비 에어 296,네트워크장비,LG,2199000,4102400,221,판매중
500098,엡손 저장장치 맥스 202,저장장치,엡손,2419000,4556400,198,판매중
500099,애플 네트워크장비 에어 380,네트워크장비,애플,1243000,1503900,46,판매중
500100,Dell 액세서리 넥스트 205,액세서리,Dell,522000,859400,12,판매중
500101,로지텍 소모품 프로 358,소모품,로지텍,1809000,2602200,489,판매중
500102,ASUS 데스크탑 프로 255,데스크탑,ASUS,2019000,2527500,152,판매중
500103,LG 저장장치 스마트 720,저장장치,LG,1021000,1309800,610,판매중
500104,MS 키보드/마우스 넥스트 404,키보드/마우스,MS,2145000,3145100,602,판매중
500105,WD 저장장치 울트라 881,저장장치,WD,251000,408300,212,판매중
500106,캐논 저장장치 에어 665,저장장치,캐논,337000,441400,76,판매중
500107,로지텍 프린터 프로 337,프린터,로지텍,2437000,3726000,295,판매중
500108,LG 소모품 플러스 535,소모품,LG,961000,1774700,117,판매중
500109,Dell 모니터 에어 911,모니터,Dell,587000,733700,314,판매중
500110,Dell 소프트웨어 맥스 816,소프트웨어,Dell,1803000,2320500,412,판매중
500111,씨게이트 액세서리 프로 542,액세서리,씨게이트,2027000,3053500,752,판매중
500112,삼성 저장장치 프로 883,저장장치,삼성,379000,515500,688,판매중
500113,삼성 소프트웨어 넥스트 384,소프트웨어,삼성,722000,1104100,185,판매중
500114,캐논 프린터 넥스트 456,프린터,캐논,2019000,3792300,418,판매중
500115,애플 데스크탑 넥스트 395,데스크탑,애플,1355000,2016400,678,판매중
500116,삼성 액세서리 맥스 431,액세서리,삼성,1867000,2355400,118,판매중
500117,씨게이트 프린터 넥스트 523,프린터,씨게이트,9000,14900,55,판매중
500118,WD 네트워크장비 프로 308,네트워크장비,WD,2046000,3350900,273,판매중
500119,로지텍 저장장치 플러스 826,저장장치,로지텍,1990000,2557100,162,판매중
500120,씨게이트 노트북 울트라 572,노트북,씨게이트,1676000,2120500,120,판매중
500121,로지텍 모니터 맥스 525,모니터,로지텍,1200000,1867400,494,판매중
500122,로지텍 키보드/마우스 플러스 713,키보드/마우스,로지텍,2262000,2943400,520,판매중
500123,LG 모니터 스마트 448,모니터,LG,1136000,1977600,519,판매중
500124,Dell 노트북 넥스트 986,노트북,Dell,1227000,2191700,152,판매중
500125,레노버 소모품 스마트 566,소모품,레노버,1366000,2166900,329,판매중
500126,WD 키보드/마우스 스마트 144,키보드/마우스,WD,1573000,2144700,325,판매중
500127,ASUS 프린터 프로 229,프린터,ASUS,628000,971300,514,판매중
500128,LG 네트워크장비 넥스트 115,네트워크장비,LG,1808000,2295700,739,판매중
500129,LG 모니터 맥스 446,모니터,LG,1928000,3368300,638,판매중
500130,레노버 데스크탑 라이트 741,데스크탑,레노버,2190000,3210500,735,판매중
500131,씨게이트 소모품 플러스 746,소모품,씨게이트,152000,248000,700,판매중
500132,엡손 키보드/마우스 울트라 878,키보드/마우스,엡손,375000,563900,648,판매중
500133,로지텍 데스크탑 프로 147,데스크탑,로지텍,686000,1156400,332,판매중
500134,레노버 저장장치 플러스 643,저장장치,레노버,1540000,2312200,421,판매중
500135,애플 모니터 스마트 734,모니터,애플,722000,906300,699,판매중
500136,애플 소프트웨어 맥스 570,소프트웨어,애플,956000,1455800,261,판매중
500137,Dell 소모품 넥스트 453,소모품,Dell,2243000,2939600,601,판매중
500138,엡손 프린터 맥스 303,프린터,엡손,1029000,1563800,393,판매중
500139,HP 데스크탑 맥스 816,데스크탑,HP,1567000,2507700,302,단종
500140,Dell 프린터 프로 720,프린터,Dell,38000,60600,763,판매중
500141,MS 저장장치 라이트 324,저장장치,MS,947000,1538800,651,판매중
500142,캐논 저장장치 프로 416,저장장치,캐논,565000,926400,451,단종
500143,엡손 네트워크장비 맥스 434,네트워크장비,엡손,543000,685800,765,판매중
500144,애플 키보드/마우스 라이트 643,키보드/마우스,애플,2214000,4015100,513,판매중
500145,Dell 모니터 맥스 864,모니터,Dell,1978000,3713000,346,판매중
500146,LG 소모품 플러스 980,소모품,LG,581000,1003900,692,판매중
500147,MS 프린터 스마트 114,프린터,MS,2287000,3329900,270,판매중
500148,레노버 소모품 라이트 210,소모품,레노버,1078000,1734700,691,판매중
500149,WD 노트북 플러스 763,노트북,WD,2304000,3293800,64,판매중
500150,엡손 소모품 울트라 243,소모품,엡손,1242000,2054800,46,판매중
500151,로지텍 저장장치 에어 497,저장장치,로지텍,480000,608600,464,판매중
500152,ASUS 액세서리 에어 524,액세서리,ASUS,2410000,4144200,670,판매중
500153,WD 소모품 맥스 133,소모품,WD,1676000,3112800,706,판매중
500154,로지텍 소모품 울트라 802,소모품,로지텍,972000,1748400,376,판매중
500155,삼성 네트워크장비 울트라 968,네트워크장비,삼성,1635000,2277700,465,판매중
500156,캐논 키보드/마우스 프로 905,키보드/마우스,캐논,2450000,4605400,341,판매중
500157,MS 모니터 플러스 700,모니터,MS,2317000,3113200,221,판매중
500158,레노버 키보드/마우스 프로 383,키보드/마우스,레노버,609000,1066900,148,판매중
500159,Dell 액세서리 프로 234,액세서리,Dell,719000,918100,15,판매중
500160,WD 키보드/마우스 맥스 153,키보드/마우스,WD,1331000,1611900,129,판매중
500161,LG 액세서리 라이트 625,액세서리,LG,265000,406300,607,판매중
500162,HP 액세서리 맥스 569,액세서리,HP,182000,311000,658,판매중
500163,로지텍 노트북 울트라 602,노트북,로지텍,1650000,2472300,729,판매중
500164,LG 데스크탑 울트라 229,데스크탑,LG,1324000,2152500,281,판매중
500165,씨게이트 소프트웨어 맥스 564,소프트웨어,씨게이트,1336000,1959400,517,판매중
500166,MS 데스크탑 플러스 540,데스크탑,MS,473000,849900,462,판매중
500167,레노버 프린터 울트라 420,프린터,레노버,1862000,2754100,437,판매중
500168,레노버 저장장치 넥스트 168,저장장치,레노버,630000,1058800,93,판매중
500169,ASUS 데스크탑 라이트 931,데스크탑,ASUS,400000,688400,133,판매중
500170,씨게이트 소프트웨어 울트라 520,소프트웨어,씨게이트,2305000,3297800,362,판매중
500171,엡손 프린터 맥스 460,프린터,엡손,215000,403700,106,판매중
500172,애플 키보드/마우스 울트라 458,키보드/마우스,애플,1980000,2686800,569,판매중
500173,WD 저장장치 프로 723,저장장치,WD,931000,1643200,673,판매중
500174,삼성 저장장치 맥스 447,저장장치,삼성,743000,1033700,359,단종
500175,WD 모니터 프로 193,모니터,WD,1646000,2055300,764,판매중
500176,ASUS 프린터 라이트 419,프린터,ASUS,1863000,2680100,738,판매중
500177,WD 소프트웨어 에어 261,소프트웨어,WD,352000,640000,772,판매중
500178,Dell 데스크탑 넥스트 721,데스크탑,Dell,1819000,3025600,452,판매중
500179,MS 키보드/마우스 스마트 213,키보드/마우스,MS,2103000,2691100,290,판매중
500180,로지텍 소프트웨어 프로 325,소프트웨어,로지텍,2163000,3605700,404,판매중
500181,삼성 노트북 플러스 885,노트북,삼성,842000,1188000,140,판매중
500182,레노버 저장장치 스마트 279,저장장치,레노버,496000,597800,132,판매중
500183,씨게이트 키보드/마우스 라이트 173,키보드/마우스,씨게이트,2293000,4089200,406,판매중
500184,ASUS 노트북 울트라 982,노트북,ASUS,81000,123200,320,판매중
500185,ASUS 소프트웨어 스마트 121,소프트웨어,ASUS,1715000,2405500,332,판매중
500186,로지텍 소프트웨어 울트라 349,소프트웨어,로지텍,1487000,1876100,446,판매중
500187,LG 액세서리 라이트 326,액세서리,LG,1626000,2942000,341,판매중
500188,씨게이트 데스크탑 플러스 894,데스크탑,씨게이트,472000,741700,357,판매중
500189,HP 모니터 플러스 277,모니터,HP,426000,554800,616,판매중
500190,애플 데스크탑 넥스트 797,데스크탑,애플,2028000,3092200,578,판매중
500191,레노버 소프트웨어 울트라 580,소프트웨어,레노버,1299000,1696000,452,판매중
500192,WD 저장장치 울트라 417,저장장치,WD,235000,339800,472,판매중
500193,레노버 노트북 울트라 729,노트북,레노버,1180000,1479300,608,판매중
500194,WD 소모품 프로 560,소모품,WD,2275000,4249600,585,판매중
500195,WD 네트워크장비 프로 561,네트워크장비,WD,1953000,3029000,105,판매중
500196,엡손 네트워크장비 에어 140,네트워크장비,엡손,350000,543600,253,판매중
500197,씨게이트 소모품 라이트 481,소모품,씨게이트,2146000,3491200,289,판매중
500198,캐논 네트워크장비 라이트 167,네트워크장비,캐논,2453000,3033500,337,판매중
500199,Dell 프린터 에어 441,프린터,Dell,1037000,1769700,83,판매중
500200,레노버 모니터 스마트 232,모니터,레노버,1275000,2393600,609,판매중
500201,Dell 데스크탑 라이트 932,데스크탑,Dell,2294000,3357600,130,판매중
500202,LG 액세서리 프로 471,액세서리,LG,1739000,2705700,316,판매중
500203,레노버 키보드/마우스 에어 258,키보드/마우스,레노버,1996000,2663400,79,판매중
500204,씨게이트 데스크탑 프로 777,데스크탑,씨게이트,2215000,3952800,344,판매중
500205,애플 소프트웨어 에어 285,소프트웨어,애플,2451000,3587500,709,판매중
500206,엡손 모니터 라이트 792,모니터,엡손,1797000,2211300,736,판매중
500207,WD 소모품 넥스트 339,소모품,WD,1172000,2023600,546,판매중
500208,HP 소모품 넥스트 572,소모품,HP,1511000,2530600,787,판매중
500209,씨게이트 프린터 에어 936,프린터,씨게이트,2165000,3232400,204,판매중
500210,Dell 모니터 라이트 667,모니터,Dell,218000,359400,105,판매중
500211,LG 액세서리 에어 379,액세서리,LG,1172000,1475200,460,판매중
500212,ASUS 모니터 플러스 936,모니터,ASUS,380000,707700,461,판매중
500213,ASUS 노트북 라이트 341,노트북,ASUS,223000,329400,395,판매중
500214,HP 네트워크장비 울트라 959,네트워크장비,HP,120000,170700,731,판매중
500215,애플 모니터 넥스트 812,모니터,애플,161000,225500,142,판매중
500216,로지텍 소모품 프로 362,소모품,로지텍,26000,47600,220,판매중
500217,엡손 액세서리 울트라 894,액세서리,엡손,2498000,3920400,295,판매중
500218,삼성 데스크탑 넥스트 164,데스크탑,삼성,981000,1465400,113,판매중
500219,WD 소모품 플러스 835,소모품,WD,2200000,2665300,147,판매중
500220,WD 노트북 스마트 291,노트북,WD,1450000,1984100,680,판매중
500221,레노버 액세서리 프로 499,액세서리,레노버,282000,526600,481,단종
500222,레노버 프린터 라이트 907,프린터,레노버,1043000,1797200,69,판매중
500223,MS 데스크탑 라이트 236,데스크탑,MS,2388000,4094500,45,판매중
500224,캐논 네트워크장비 넥스트 812,네트워크장비,캐논,722000,1286000,490,판매중
500225,LG 모니터 플러스 144,모니터,LG,1879000,2303400,204,판매중
500226,Dell 네트워크장비 넥스트 359,네트워크장비,Dell,2116000,3129000,37,판매중
500227,Dell 키보드/마우스 프로 986,키보드/마우스,Dell,1467000,2645700,671,판매중
500228,MS 데스크탑 스마트 861,데스크탑,MS,1512000,2276800,450,판매중
500229,레노버 프린터 넥스트 476,프린터,레노버,770000,1191400,531,판매중
500230,엡손 데스크탑 에어 658,데스크탑,엡손,1743000,2187800,300,판매중
500231,레노버 데스크탑 스마트 270,데스크탑,레노버,1215000,1718600,706,판매중
500232,삼성 소모품 스마트 381,소모품,삼성,1449000,2362400,654,판매중
500233,LG 노트북 에어 131,노트북,LG,1668000,2425800,146,판매중
500234,삼성 소모품 라이트 470,소모품,삼성,522000,650900,392,판매중
500235,WD 노트북 라이트 480,노트북,WD,633000,1060400,454,판매중
500236,애플 소프트웨어 라이트 765,소프트웨어,애플,2173000,3165700,285,판매중
500237,삼성 데스크탑 스마트 675,데스크탑,삼성,767000,1188300,120,판매중
500238,엡손 저장장치 맥스 810,저장장치,엡손,1832000,2473500,502,판매중
500239,LG 모니터 넥스트 189,모니터,LG,1856000,2451500,698,판매중
500240,캐논 네트워크장비 맥스 407,네트워크장비,캐논,1428000,2422800,161,판매중
500241,MS 모니터 울트라 305,모니터,MS,1485000,2310800,142,판매중
500242,삼성 소모품 라이트 578,소모품,삼성,1483000,2354700,564,판매중
500243,LG 데스크탑 넥스트 638,데스크탑,LG,1271000,1879400,420,판매중
500244,LG 소프트웨어 울트라 560,소프트웨어,LG,518000,974100,477,판매중
500245,애플 네트워크장비 에어 886,네트워크장비,애플,2263000,3729000,132,판매중
500246,LG 노트북 에어 265,노트북,LG,2127000,2780200,330,판매중
500247,레노버 키보드/마우스 울트라 356,키보드/마우스,레노버,2130000,3890300,201,판매중
500248,Dell 액세서리 울트라 614,액세서리,Dell,517000,846500,656,판매중
500249,애플 소프트웨어 라이트 962,소프트웨어,애플,706000,1172700,577,단종
500250,LG 노트북 맥스 766,노트북,LG,191000,356000,215,판매중
500251,WD 프린터 맥스 757,프린터,WD,129000,199700,309,판매중
500252,Dell 프린터 프로 261,프린터,Dell,1862000,2329500,450,판매중
500253,HP 소모품 라이트 982,소모품,HP,1398000,2271200,735,판매중
500254,ASUS 네트워크장비 울트라 426,네트워크장비,ASUS,540000,935500,247,판매중
500255,로지텍 저장장치 프로 397,저장장치,로지텍,1020000,1324500,393,판매중
500256,HP 프린터 라이트 294,프린터,HP,659000,1166000,781,판매중
500257,로지텍 액세서리 넥스트 123,액세서리,로지텍,2047000,3716000,92,판매중
500258,로지텍 액세서리 라이트 149,액세서리,로지텍,991000,1338400,51,판매중
500259,캐논 소프트웨어 프로 967,소프트웨어,캐논,1932000,2704800,110,판매중
500260,엡손 저장장치 라이트 146,저장장치,엡손,1503000,2607200,410,단종
500261,HP 액세서리 울트라 495,액세서리,HP,1489000,2363400,516,판매중
500262,Dell 액세서리 울트라 503,액세서리,Dell,491000,633400,382,판매중
500263,씨게이트 네트워크장비 플러스 716,네트워크장비,씨게이트,1502000,2596100,521,판매중
500264,삼성 노트북 라이트 923,노트북,삼성,164000,212500,485,판매중
500265,WD 모니터 라이트 266,모니터,WD,2116000,2746200,402,판매중
500266,WD 저장장치 넥스트 825,저장장치,WD,1382000,2149100,576,판매중
500267,레노버 노트북 스마트 697,노트북,레노버,1361000,2275100,315,판매중
500268,WD 노트북 플러스 838,노트북,WD,1948000,2699600,52,판매중
500269,씨게이트 모니터 플러스 132,모니터,씨게이트,1562000,2035900,586,판매중
500270,HP 데스크탑 스마트 255,데스크탑,HP,82000,123700,422,판매중
500271,씨게이트 프린터 프로 822,프린터,씨게이트,1936000,3506000,141,판매중
500272,레노버 액세서리 라이트 277,액세서리,레노버,1964000,3079200,470,판매중
500273,씨게이트 네트워크장비 맥스 724,네트워크장비,씨게이트,1456000,2436000,495,판매중
500274,Dell 키보드/마우스 맥스 889,키보드/마우스,Dell,2290000,3226400,295,판매중
500275,레노버 소모품 맥스 394,소모품,레노버,1970000,2844900,124,판매중
500276,ASUS 액세서리 에어 397,액세서리,ASUS,1621000,2873800,43,판매중
500277,레노버 데스크탑 넥스트 319,데스크탑,레노버,1816000,3013000,206,판매중
500278,씨게이트 저장장치 플러스 348,저장장치,씨게이트,1117000,1447700,51,판매중
500279,HP 액세서리 스마트 438,액세서리,HP,958000,1184800,734,판매중
500280,삼성 모니터 에어 516,모니터,삼성,2259000,4257100,668,판매중
500281,로지텍 소모품 맥스 428,소모품,로지텍,821000,1419600,292,판매중
500282,캐논 데스크탑 프로 279,데스크탑,캐논,2356000,3210100,427,판매중
500283,삼성 모니터 에어 866,모니터,삼성,1631000,2856800,296,판매중
500284,Dell 노트북 라이트 391,노트북,Dell,2331000,3780700,465,판매중
500285,씨게이트 액세서리 에어 971,액세서리,씨게이트,2028000,3695900,516,판매중
500286,MS 키보드/마우스 넥스트 763,키보드/마우스,MS,466000,667000,263,판매중
500287,엡손 노트북 플러스 279,노트북,엡손,1385000,2428600,625,판매중
500288,ASUS 프린터 스마트 785,프린터,ASUS,2115000,3023400,97,판매중
500289,로지텍 모니터 프로 367,모니터,로지텍,1330000,2467200,392,판매중
500290,레노버 저장장치 프로 367,저장장치,레노버,1241000,1995100,669,판매중
500291,삼성 키보드/마우스 에어 515,키보드/마우스,삼성,489000,746100,702,판매중
500292,엡손 저장장치 맥스 476,저장장치,엡손,485000,798800,629,판매중
500293,로지텍 모니터 라이트 525,모니터,로지텍,632000,959600,718,판매중
500294,MS 소모품 플러스 880,소모품,MS,2206000,3885600,253,판매중
500295,MS 소프트웨어 라이트 179,소프트웨어,MS,340000,533000,577,판매중
500296,씨게이트 액세서리 에어 268,액세서리,씨게이트,833000,1333500,335,판매중
500297,LG 소모품 넥스트 193,소모품,LG,846000,1439700,522,판매중
500298,로지텍 노트북 넥스트 677,노트북,로지텍,545000,849800,59,판매중
500299,엡손 저장장치 프로 863,저장장치,엡손,94000,138800,223,판매중
500300,ASUS 노트북 프로 170,노트북,ASUS,1416000,2393400,483,단종
500301,애플 프린터 스마트 483,프린터,애플,559000,970400,391,판매중
500302,ASUS 프린터 에어 769,프린터,ASUS,333000,558700,356,판매중
500303,ASUS 액세서리 플러스 954,액세서리,ASUS,2171000,2798700,3,판매중
500304,로지텍 저장장치 스마트 943,저장장치,로지텍,2235000,3345500,235,판매중
500305,애플 네트워크장비 울트라 132,네트워크장비,애플,1134000,1510400,676,판매중
500306,HP 노트북 프로 557,노트북,HP,849000,1058700,612,판매중
500307,HP 노트북 플러스 652,노트북,HP,186000,275500,222,판매중
500308,애플 노트북 플러스 935,노트북,애플,2068000,3919700,749,판매중
500309,WD 소프트웨어 에어 776,소프트웨어,WD,1318000,1800100,533,판매중
500310,Dell 저장장치 에어 741,저장장치,Dell,254000,403700,695,판매중
500311,삼성 소모품 스마트 904,소모품,삼성,1415000,2630600,537,판매중
500312,ASUS 프린터 에어 872,프린터,ASUS,616000,868500,550,판매중
500313,Dell 키보드/마우스 프로 675,키보드/마우스,Dell,596000,1051300,422,판매중
500314,씨게이트 액세서리 맥스 308,액세서리,씨게이트,554000,815400,338,판매중
500315,레노버 소모품 플러스 152,소모품,레노버,383000,603200,274,판매중
500316,WD 소프트웨어 플러스 923,소프트웨어,WD,166000,300700,779,판매중
500317,HP 액세서리 라이트 410,액세서리,HP,1968000,2649300,15,판매중
500318,엡손 키보드/마우스 넥스트 348,키보드/마우스,엡손,485000,835500,712,판매중
500319,ASUS 키보드/마우스 맥스 489,키보드/마우스,ASUS,985000,1562600,477,판매중
500320,Dell 네트워크장비 넥스트 577,네트워크장비,Dell,1076000,1562000,100,판매중
500321,MS 소모품 라이트 420,소모품,MS,1316000,2421400,423,단종
500322,엡손 키보드/마우스 스마트 402,키보드/마우스,엡손,602000,729200,156,판매중
500323,ASUS 키보드/마우스 넥스트 663,키보드/마우스,ASUS,2338000,4169400,670,판매중
500324,Dell 네트워크장비 넥스트 571,네트워크장비,Dell,2006000,3764300,172,판매중
500325,애플 네트워크장비 넥스트 288,네트워크장비,애플,578000,985000,555,판매중
500326,씨게이트 노트북 울트라 937,노트북,씨게이트,143000,255500,684,단종
500327,ASUS 노트북 플러스 169,노트북,ASUS,568000,1016500,724,판매중
500328,씨게이트 키보드/마우스 넥스트 775,키보드/마우스,씨게이트,1872000,2735400,499,단종
500329,씨게이트 액세서리 맥스 648,액세서리,씨게이트,1689000,2040800,293,단종
500330,MS 프린터 울트라 636,프린터,MS,739000,942100,152,판매중
500331,씨게이트 소프트웨어 맥스 914,소프트웨어,씨게이트,1038000,1837900,406,판매중
500332,로지텍 프린터 플러스 407,프린터,로지텍,2319000,3177500,700,판매중
500333,캐논 데스크탑 스마트 486,데스크탑,캐논,134000,169500,565,판매중
500334,엡손 노트북 스마트 760,노트북,엡손,706000,888000,339,판매중
500335,씨게이트 데스크탑 넥스트 377,데스크탑,씨게이트,179000,243500,47,판매중
500336,씨게이트 저장장치 에어 970,저장장치,씨게이트,2313000,3841100,322,단종
500337,WD 키보드/마우스 스마트 178,키보드/마우스,WD,595000,1027300,306,판매중
500338,WD 키보드/마우스 라이트 493,키보드/마우스,WD,1598000,2674900,773,판매중
500339,씨게이트 데스크탑 스마트 337,데스크탑,씨게이트,1421000,1758600,77,판매중
500340,WD 소프트웨어 라이트 130,소프트웨어,WD,1629000,3059600,649,판매중
500341,로지텍 소모품 스마트 542,소모품,로지텍,939000,1360600,190,판매중
500342,LG 프린터 울트라 184,프린터,LG,1214000,2134900,274,판매중
500343,엡손 모니터 울트라 193,모니터,엡손,1600000,2274600,5,판매중
500344,레노버 소모품 울트라 291,소모품,레노버,1109000,1410100,441,판매중
500345,씨게이트 액세서리 울트라 462,액세서리,씨게이트,1676000,2132300,567,판매중
500346,MS 소프트웨어 프로 398,소프트웨어,MS,1333000,2405500,423,판매중
500347,엡손 데스크탑 플러스 685,데스크탑,엡손,2296000,4210000,533,판매중
500348,애플 프린터 맥스 604,프린터,애플,573000,795400,149,판매중
500349,Dell 프린터 울트라 469,프린터,Dell,1729000,2437500,257,판매중
500350,WD 소모품 에어 411,소모품,WD,805000,1224000,6,판매중
500351,WD 네트워크장비 라이트 550,네트워크장비,WD,1561000,2751800,342,판매중
500352,애플 소프트웨어 플러스 590,소프트웨어,애플,1235000,1759200,321,판매중
500353,레노버 프린터 넥스트 689,프린터,레노버,1198000,2053800,800,판매중
500354,Dell 프린터 플러스 706,프린터,Dell,1614000,2349100,558,판매중
500355,삼성 액세서리 플러스 548,액세서리,삼성,1895000,3524800,298,판매중
500356,MS 데스크탑 에어 748,데스크탑,MS,1680000,2807400,310,판매중
500357,엡손 모니터 울트라 559,모니터,엡손,1738000,3045500,612,판매중
500358,씨게이트 프린터 스마트 656,프린터,씨게이트,2080000,3840600,37,판매중
500359,엡손 네트워크장비 울트라 211,네트워크장비,엡손,2204000,3560900,787,판매중
500360,애플 네트워크장비 스마트 870,네트워크장비,애플,186000,296500,339,판매중
500361,LG 프린터 플러스 622,프린터,LG,48000,60900,764,판매중
500362,엡손 소프트웨어 라이트 500,소프트웨어,엡손,2361000,3198400,474,판매중
500363,엡손 소프트웨어 프로 594,소프트웨어,엡손,2054000,2681500,107,판매중
500364,LG 데스크탑 라이트 566,데스크탑,LG,585000,844600,211,판매중
500365,로지텍 네트워크장비 넥스트 426,네트워크장비,로지텍,404000,608700,68,판매중
500366,삼성 데스크탑 에어 858,데스크탑,삼성,1410000,2331500,249,판매중
500367,애플 액세서리 넥스트 337,액세서리,애플,1360000,2164900,414,판매중
500368,캐논 모니터 플러스 560,모니터,캐논,1775000,2621500,606,판매중
500369,엡손 노트북 울트라 691,노트북,엡손,884000,1188100,104,판매중
500370,애플 액세서리 넥스트 216,액세서리,애플,1503000,2146500,268,판매중
500371,씨게이트 소모품 스마트 701,소모품,씨게이트,1288000,2083800,116,판매중
500372,WD 소모품 맥스 729,소모품,WD,711000,1258100,604,판매중
500373,레노버 모니터 울트라 287,모니터,레노버,487000,665700,382,판매중
500374,ASUS 액세서리 스마트 533,액세서리,ASUS,1718000,2778800,190,판매중
500375,엡손 액세서리 넥스트 395,액세서리,엡손,714000,1134100,143,판매중
500376,WD 소모품 프로 596,소모품,WD,224000,404500,139,판매중
500377,씨게이트 프린터 스마트 801,프린터,씨게이트,2075000,3438500,503,판매중
500378,로지텍 소모품 프로 914,소모품,로지텍,690000,867900,779,판매중
500379,Dell 노트북 에어 899,노트북,Dell,925000,1458100,468,판매중
500380,씨게이트 소모품 울트라 374,소모품,씨게이트,2097000,2682500,793,판매중
500381,씨게이트 네트워크장비 넥스트 659,네트워크장비,씨게이트,175000,303100,223,판매중
500382,엡손 데스크탑 프로 560,데스크탑,엡손,1018000,1433700,269,판매중
500383,로지텍 데스크탑 플러스 314,데스크탑,로지텍,485000,845300,755,판매중
500384,엡손 네트워크장비 에어 903,네트워크장비,엡손,1758000,2313800,211,판매중
500385,WD 노트북 에어 431,노트북,WD,1441000,2266100,720,판매중
500386,Dell 소프트웨어 울트라 238,소프트웨어,Dell,2112000,3991300,768,판매중
500387,Dell 노트북 에어 355,노트북,Dell,524000,886000,149,판매중
500388,MS 키보드/마우스 맥스 742,키보드/마우스,MS,1613000,2488200,424,판매중
500389,캐논 데스크탑 맥스 811,데스크탑,캐논,386000,572000,377,판매중
500390,레노버 소모품 울트라 848,소모품,레노버,2388000,2869700,469,판매중
500391,LG 네트워크장비 스마트 944,네트워크장비,LG,2194000,3243600,216,판매중
500392,Dell 네트워크장비 에어 679,네트워크장비,Dell,1388000,2197300,496,판매중
500393,삼성 노트북 넥스트 116,노트북,삼성,412000,674900,127,판매중
500394,로지텍 모니터 스마트 307,모니터,로지텍,1874000,2249600,705,판매중
500395,애플 저장장치 라이트 356,저장장치,애플,1127000,1426000,84,판매중
500396,삼성 모니터 플러스 539,모니터,삼성,1628000,2666500,671,판매중
500397,삼성 데스크탑 에어 707,데스크탑,삼성,879000,1348100,231,판매중
500398,삼성 소모품 울트라 980,소모품,삼성,38000,64100,432,판매중
500399,LG 소모품 울트라 205,소모품,LG,942000,1382900,320,판매중
500400,애플 저장장치 에어 756,저장장치,애플,1572000,2737500,693,판매중
500401,WD 액세서리 에어 550,액세서리,WD,39000,63400,359,판매중
500402,ASUS 모니터 울트라 202,모니터,ASUS,1817000,3274100,143,판매중
500403,엡손 소프트웨어 스마트 422,소프트웨어,엡손,1577000,2280400,143,판매중
500404,HP 데스크탑 맥스 897,데스크탑,HP,2271000,3680600,707,단종
500405,HP 저장장치 플러스 865,저장장치,HP,2125000,3452800,401,판매중
500406,MS 노트북 울트라 346,노트북,MS,985000,1523200,511,판매중
500407,씨게이트 데스크탑 라이트 235,데스크탑,씨게이트,54000,102100,396,판매중
500408,ASUS 소프트웨어 에어 881,소프트웨어,ASUS,1501000,2375200,482,판매중
500409,삼성 데스크탑 맥스 320,데스크탑,삼성,2410000,3005900,40,판매중
500410,씨게이트 프린터 스마트 533,프린터,씨게이트,1178000,1931900,718,판매중
500411,씨게이트 액세서리 맥스 180,액세서리,씨게이트,630000,878300,523,판매중
500412,씨게이트 모니터 울트라 417,모니터,씨게이트,1343000,1978900,715,판매중
500413,삼성 키보드/마우스 스마트 218,키보드/마우스,삼성,1006000,1267900,464,판매중
500414,Dell 노트북 에어 818,노트북,Dell,724000,929300,11,판매중
500415,씨게이트 네트워크장비 맥스 270,네트워크장비,씨게이트,2123000,3711100,380,판매중
500416,엡손 저장장치 프로 443,저장장치,엡손,488000,849100,439,판매중
500417,Dell 데스크탑 넥스트 566,데스크탑,Dell,2366000,3878500,523,판매중
500418,WD 소모품 맥스 891,소모품,WD,688000,1002600,105,판매중
500419,HP 데스크탑 프로 350,데스크탑,HP,2089000,2510500,47,판매중
500420,애플 프린터 프로 666,프린터,애플,738000,1366600,731,판매중
500421,HP 프린터 라이트 377,프린터,HP,1323000,1817500,79,판매중
500422,씨게이트 데스크탑 프로 510,데스크탑,씨게이트,220000,291600,70,판매중
500423,MS 저장장치 넥스트 108,저장장치,MS,1277000,1824900,377,판매중
500424,MS 소프트웨어 플러스 575,소프트웨어,MS,1249000,2145400,377,판매중
500425,MS 소모품 플러스 254,소모품,MS,805000,1378700,6,판매중
500426,HP 노트북 프로 443,노트북,HP,2223000,3206600,1,판매중
500427,엡손 프린터 플러스 529,프린터,엡손,1264000,1608700,503,판매중
500428,엡손 모니터 플러스 965,모니터,엡손,1151000,1456100,532,판매중
500429,로지텍 네트워크장비 에어 752,네트워크장비,로지텍,352000,565500,403,판매중
500430,삼성 소프트웨어 에어 342,소프트웨어,삼성,1786000,2971300,298,판매중
500431,MS 네트워크장비 라이트 425,네트워크장비,MS,1614000,2728400,463,판매중
500432,HP 데스크탑 울트라 259,데스크탑,HP,562000,981200,108,판매중
500433,레노버 소모품 라이트 888,소모품,레노버,1670000,2145100,212,판매중
500434,Dell 소모품 맥스 946,소모품,Dell,496000,626500,721,판매중
500435,HP 노트북 플러스 464,노트북,HP,1347000,1756200,405,판매중
500436,Dell 저장장치 스마트 975,저장장치,Dell,717000,876000,463,판매중
500437,HP 액세서리 에어 224,액세서리,HP,392000,597100,12,판매중
500438,애플 키보드/마우스 라이트 802,키보드/마우스,애플,816000,1449600,645,판매중
500439,WD 데스크탑 울트라 122,데스크탑,WD,2405000,3321700,66,판매중
500440,MS 소모품 라이트 225,소모품,MS,532000,672600,43,판매중
500441,애플 노트북 스마트 608,노트북,애플,2355000,3540000,30,판매중
500442,애플 프린터 에어 381,프린터,애플,1454000,1963300,286,판매중
500443,삼성 모니터 넥스트 521,모니터,삼성,1011000,1671200,563,판매중
500444,Dell 데스크탑 플러스 758,데스크탑,Dell,1573000,2038700,538,판매중
500445,MS 액세서리 라이트 591,액세서리,MS,84000,158900,557,판매중
500446,WD 네트워크장비 맥스 284,네트워크장비,WD,2062000,2938600,26,판매중
500447,삼성 키보드/마우스 넥스트 642,키보드/마우스,삼성,1155000,1433300,366,판매중
500448,애플 키보드/마우스 플러스 372,키보드/마우스,애플,415000,570000,546,판매중
500449,MS 노트북 스마트 463,노트북,MS,903000,1447400,177,판매중
500450,레노버 소프트웨어 프로 820,소프트웨어,레노버,1474000,2711800,717,판매중
500451,WD 소프트웨어 플러스 956,소프트웨어,WD,587000,935700,504,판매중
500452,로지텍 모니터 플러스 716,모니터,로지텍,160000,202100,224,단종
500453,삼성 소모품 플러스 925,소모품,삼성,1363000,2511300,133,판매중
500454,MS 모니터 에어 700,모니터,MS,1330000,1651400,721,판매중
500455,씨게이트 데스크탑 라이트 821,데스크탑,씨게이트,1499000,2806700,678,판매중
500456,레노버 데스크탑 에어 849,데스크탑,레노버,1241000,1769400,447,판매중
500457,캐논 소모품 라이트 328,소모품,캐논,1304000,1723800,681,판매중
500458,ASUS 모니터 맥스 230,모니터,ASUS,1261000,2161000,181,판매중
500459,ASUS 소프트웨어 라이트 928,소프트웨어,ASUS,2329000,2847500,626,판매중
500460,LG 소프트웨어 울트라 343,소프트웨어,LG,2037000,2644900,355,판매중
500461,캐논 모니터 라이트 557,모니터,캐논,368000,653200,11,판매중
500462,엡손 키보드/마우스 울트라 837,키보드/마우스,엡손,282000,407500,1,단종
500463,엡손 소모품 스마트 604,소모품,엡손,1723000,3236400,387,판매중
500464,LG 프린터 플러스 266,프린터,LG,1968000,3448100,462,판매중
500465,Dell 노트북 울트라 175,노트북,Dell,87000,123800,350,판매중
500466,애플 프린터 울트라 446,프린터,애플,312000,493800,608,판매중
500467,엡손 소모품 에어 721,소모품,엡손,131000,196700,444,판매중
500468,레노버 데스크탑 스마트 813,데스크탑,레노버,846000,1592200,567,판매중
500469,Dell 액세서리 울트라 150,액세서리,Dell,1158000,1630600,402,판매중
500470,애플 소모품 스마트 189,소모품,애플,228000,331100,301,판매중
500471,로지텍 소프트웨어 플러스 274,소프트웨어,로지텍,822000,1042200,653,판매중
500472,로지텍 데스크탑 스마트 582,데스크탑,로지텍,478000,676700,500,판매중
500473,LG 저장장치 라이트 490,저장장치,LG,2233000,3285300,378,판매중
500474,Dell 노트북 플러스 957,노트북,Dell,1806000,2755100,275,판매중
500475,MS 모니터 라이트 927,모니터,MS,401000,505200,554,판매중
500476,HP 소프트웨어 스마트 938,소프트웨어,HP,2272000,2823300,535,판매중
500477,캐논 액세서리 플러스 587,액세서리,캐논,1949000,3120100,306,판매중
500478,씨게이트 노트북 에어 223,노트북,씨게이트,2344000,4290200,775,판매중
500479,HP 모니터 스마트 180,모니터,HP,794000,1022900,699,판매중
500480,WD 모니터 울트라 189,모니터,WD,1061000,1510600,397,판매중
500481,레노버 액세서리 프로 905,액세서리,레노버,1136000,1776400,717,판매중
500482,MS 액세서리 에어 251,액세서리,MS,1723000,2203300,580,판매중
500483,LG 데스크탑 맥스 988,데스크탑,LG,2309000,4030700,548,판매중
500484,Dell 프린터 넥스트 138,프린터,Dell,1573000,2608500,176,판매중
500485,WD 모니터 스마트 139,모니터,WD,2498000,4188000,405,판매중
500486,엡손 네트워크장비 넥스트 375,네트워크장비,엡손,978000,1207300,381,단종
500487,Dell 저장장치 울트라 989,저장장치,Dell,1153000,2063800,233,판매중
500488,MS 소모품 스마트 719,소모품,MS,1319000,1831500,661,판매중
500489,HP 소모품 라이트 940,소모품,HP,1672000,2873600,57,판매중
500490,LG 모니터 스마트 238,모니터,LG,1279000,2170000,799,판매중
500491,삼성 소프트웨어 플러스 957,소프트웨어,삼성,716000,955800,59,판매중
500492,삼성 소모품 맥스 477,소모품,삼성,1481000,2507600,475,판매중
500493,캐논 데스크탑 넥스트 708,데스크탑,캐논,130000,178000,456,판매중
500494,WD 소모품 에어 957,소모품,WD,2263000,3269600,264,판매중
500495,Dell 데스크탑 에어 974,데스크탑,Dell,117000,172000,585,판매중
500496,HP 키보드/마우스 맥스 767,키보드/마우스,HP,927000,1552100,419,판매중
500497,로지텍 노트북 프로 329,노트북,로지텍,546000,902600,258,판매중
500498,엡손 저장장치 스마트 972,저장장치,엡손,1132000,1694200,357,판매중
500499,로지텍 키보드/마우스 스마트 698,키보드/마우스,로지텍,1242000,2079100,104,단종
500500,씨게이트 네트워크장비 맥스 800,네트워크장비,씨게이트,2437000,3963300,110,판매중
500501,Dell 네트워크장비 맥스 771,네트워크장비,Dell,1336000,2408800,728,판매중
500502,HP 저장장치 플러스 158,저장장치,HP,619000,966900,614,판매중
500503,캐논 네트워크장비 넥스트 402,네트워크장비,캐논,578000,985400,265,판매중
500504,ASUS 프린터 플러스 451,프린터,ASUS,149000,239600,743,판매중
500505,캐논 액세서리 라이트 619,액세서리,캐논,1953000,3582900,307,판매중
500506,애플 액세서리 에어 858,액세서리,애플,1208000,1532100,264,판매중
500507,MS 액세서리 라이트 770,액세서리,MS,754000,1404500,91,판매중
500508,엡손 키보드/마우스 라이트 480,키보드/마우스,엡손,1262000,1885800,266,판매중
500509,LG 소모품 울트라 583,소모품,LG,1932000,2390900,199,판매중
500510,씨게이트 프린터 에어 240,프린터,씨게이트,1227000,1827200,205,판매중
500511,로지텍 소프트웨어 에어 897,소프트웨어,로지텍,591000,840000,82,판매중
500512,레노버 모니터 맥스 314,모니터,레노버,242000,291100,779,판매중
500513,MS 소프트웨어 울트라 232,소프트웨어,MS,653000,1007300,629,판매중
500514,ASUS 프린터 스마트 104,프린터,ASUS,1762000,3305000,38,판매중
500515,삼성 네트워크장비 플러스 118,네트워크장비,삼성,1324000,2290200,692,단종
500516,HP 키보드/마우스 울트라 492,키보드/마우스,HP,1415000,2007100,515,판매중
500517,LG 모니터 맥스 566,모니터,LG,192000,270400,745,판매중
500518,레노버 액세서리 에어 450,액세서리,레노버,1781000,3244200,501,판매중
500519,애플 키보드/마우스 플러스 844,키보드/마우스,애플,1657000,2010500,134,판매중
500520,WD 노트북 라이트 828,노트북,WD,2071000,2730100,666,판매중
500521,캐논 프린터 프로 708,프린터,캐논,1052000,1830300,49,판매중
500522,삼성 노트북 스마트 226,노트북,삼성,479000,714500,560,판매중
500523,HP 모니터 울트라 778,모니터,HP,43000,60600,532,판매중
500524,엡손 소프트웨어 울트라 623,소프트웨어,엡손,566000,845100,736,판매중
500525,LG 저장장치 플러스 896,저장장치,LG,440000,681300,269,판매중
500526,레노버 키보드/마우스 프로 661,키보드/마우스,레노버,1683000,2367500,508,판매중
500527,레노버 소모품 울트라 213,소모품,레노버,965000,1159800,587,판매중
500528,LG 모니터 울트라 362,모니터,LG,2100000,2630300,659,판매중
500529,Dell 저장장치 에어 995,저장장치,Dell,1906000,2354000,40,판매중
500530,MS 네트워크장비 울트라 197,네트워크장비,MS,1285000,1925100,776,판매중
500531,애플 노트북 넥스트 736,노트북,애플,703000,1005300,274,판매중
500532,레노버 데스크탑 스마트 509,데스크탑,레노버,1408000,1869800,467,판매중
500533,엡손 프린터 에어 215,프린터,엡손,1963000,3454700,135,판매중
500534,애플 노트북 넥스트 921,노트북,애플,429000,639700,582,판매중
500535,WD 모니터 프로 983,모니터,WD,1560000,2722800,700,판매중
500536,로지텍 모니터 스마트 551,모니터,로지텍,2004000,2563200,47,판매중
500537,삼성 네트워크장비 플러스 785,네트워크장비,삼성,2154000,3742000,346,판매중
500538,LG 소프트웨어 플러스 593,소프트웨어,LG,1777000,2955500,354,판매중
500539,애플 프린터 프로 111,프린터,애플,2291000,4179700,658,판매중
500540,로지텍 액세서리 울트라 869,액세서리,로지텍,2035000,3680400,503,판매중
500541,Dell 네트워크장비 스마트 512,네트워크장비,Dell,211000,328000,240,판매중
500542,MS 소모품 넥스트 557,소모품,MS,2352000,3560100,323,판매중
500543,엡손 소모품 스마트 136,소모품,엡손,77000,97900,570,판매중
500544,MS 데스크탑 맥스 620,데스크탑,MS,2479000,4646100,575,판매중
500545,레노버 소모품 플러스 964,소모품,레노버,1493000,2654100,465,판매중
500546,WD 소프트웨어 라이트 833,소프트웨어,WD,1942000,3304600,463,판매중
500547,삼성 키보드/마우스 맥스 660,키보드/마우스,삼성,1403000,2032300,534,판매중
500548,삼성 데스크탑 스마트 209,데스크탑,삼성,677000,1045700,260,판매중
500549,LG 키보드/마우스 플러스 833,키보드/마우스,LG,1614000,2180300,346,판매중
500550,삼성 프린터 넥스트 568,프린터,삼성,2416000,3107500,674,판매중
500551,애플 액세서리 프로 666,액세서리,애플,2048000,2463800,443,판매중
500552,씨게이트 소모품 에어 848,소모품,씨게이트,730000,1229500,131,판매중
500553,WD 소프트웨어 스마트 528,소프트웨어,WD,1323000,2054400,623,판매중
500554,Dell 키보드/마우스 맥스 563,키보드/마우스,Dell,1634000,3062900,136,판매중
500555,엡손 소프트웨어 라이트 828,소프트웨어,엡손,2103000,2963600,754,판매중
500556,HP 키보드/마우스 맥스 803,키보드/마우스,HP,863000,1412600,353,판매중
500557,엡손 모니터 라이트 827,모니터,엡손,733000,1138100,118,판매중
500558,로지텍 액세서리 스마트 790,액세서리,로지텍,2392000,3825800,765,판매중
500559,Dell 액세서리 울트라 125,액세서리,Dell,1735000,3063600,390,판매중
500560,HP 노트북 에어 393,노트북,HP,1098000,1894100,699,판매중
500561,엡손 노트북 프로 467,노트북,엡손,1213000,1628800,463,판매중
500562,HP 액세서리 맥스 809,액세서리,HP,2303000,3390500,680,단종
500563,ASUS 프린터 라이트 665,프린터,ASUS,1711000,3199000,55,단종
500564,HP 저장장치 라이트 873,저장장치,HP,1819000,3239600,602,판매중
500565,HP 소프트웨어 에어 799,소프트웨어,HP,797000,1120500,76,판매중
500566,엡손 모니터 프로 538,모니터,엡손,2109000,2707000,285,판매중
500567,애플 모니터 프로 438,모니터,애플,2397000,4295900,477,판매중
500568,삼성 모니터 프로 892,모니터,삼성,634000,1172900,640,판매중
500569,로지텍 저장장치 울트라 902,저장장치,로지텍,2350000,3725000,724,판매중
500570,애플 키보드/마우스 에어 525,키보드/마우스,애플,2137000,2666300,556,판매중
500571,레노버 데스크탑 라이트 439,데스크탑,레노버,911000,1656500,369,판매중
500572,씨게이트 소프트웨어 프로 217,소프트웨어,씨게이트,1950000,3700400,684,판매중
500573,캐논 키보드/마우스 라이트 490,키보드/마우스,캐논,1003000,1876800,116,판매중
500574,엡손 액세서리 라이트 626,액세서리,엡손,1163000,1415700,520,판매중
500575,Dell 노트북 울트라 198,노트북,Dell,793000,1129400,171,판매중
500576,씨게이트 액세서리 플러스 786,액세서리,씨게이트,35000,57300,644,판매중
500577,LG 프린터 스마트 762,프린터,LG,847000,1335200,73,판매중
500578,삼성 모니터 프로 189,모니터,삼성,1885000,3207900,75,단종
500579,씨게이트 저장장치 플러스 364,저장장치,씨게이트,293000,469500,417,판매중
500580,ASUS 프린터 울트라 647,프린터,ASUS,1300000,1575300,6,판매중
500581,LG 소프트웨어 울트라 466,소프트웨어,LG,2403000,2960100,514,판매중
500582,WD 저장장치 넥스트 490,저장장치,WD,359000,501500,404,판매중
500583,로지텍 노트북 에어 864,노트북,로지텍,645000,1014800,400,판매중
500584,Dell 액세서리 라이트 111,액세서리,Dell,595000,838100,566,판매중
500585,LG 모니터 스마트 650,모니터,LG,176000,211800,560,판매중
500586,HP 저장장치 에어 264,저장장치,HP,1413000,1905000,188,판매중
500587,HP 저장장치 프로 971,저장장치,HP,474000,628900,769,판매중
500588,로지텍 액세서리 울트라 356,액세서리,로지텍,2256000,2822700,100,판매중
500589,로지텍 소프트웨어 플러스 202,소프트웨어,로지텍,1360000,1971900,291,판매중
500590,레노버 키보드/마우스 맥스 810,키보드/마우스,레노버,1995000,3023300,598,판매중
500591,레노버 소프트웨어 에어 104,소프트웨어,레노버,1300000,2432300,320,판매중
500592,엡손 키보드/마우스 라이트 237,키보드/마우스,엡손,1791000,2496000,695,판매중
500593,로지텍 소모품 맥스 598,소모품,로지텍,1829000,2654000,564,판매중
500594,LG 소프트웨어 에어 651,소프트웨어,LG,1154000,2078400,201,판매중
500595,엡손 데스크탑 프로 932,데스크탑,엡손,313000,571000,595,판매중
500596,HP 소프트웨어 넥스트 769,소프트웨어,HP,155000,245800,793,판매중
500597,HP 프린터 맥스 237,프린터,HP,2420000,4146000,475,판매중
500598,ASUS 데스크탑 플러스 968,데스크탑,ASUS,1495000,2319500,628,판매중
500599,애플 액세서리 에어 853,액세서리,애플,1832000,2402500,749,판매중
500600,삼성 네트워크장비 플러스 164,네트워크장비,삼성,901000,1561400,270,판매중
500601,캐논 노트북 라이트 497,노트북,캐논,851000,1329700,480,판매중
500602,삼성 노트북 맥스 954,노트북,삼성,1332000,1694600,759,판매중
500603,WD 액세서리 스마트 474,액세서리,WD,717000,1049400,601,판매중
500604,씨게이트 데스크탑 플러스 628,데스크탑,씨게이트,1035000,1514600,415,판매중
500605,로지텍 네트워크장비 프로 613,네트워크장비,로지텍,1979000,3603700,142,판매중
500606,LG 키보드/마우스 플러스 253,키보드/마우스,LG,2112000,3485700,191,판매중
500607,엡손 소프트웨어 스마트 930,소프트웨어,엡손,489000,813000,338,판매중
500608,캐논 소모품 에어 762,소모품,캐논,1966000,3018400,420,단종
500609,애플 노트북 에어 744,노트북,애플,2354000,3800800,524,단종
500610,애플 소프트웨어 에어 629,소프트웨어,애플,234000,308000,415,판매중
500611,캐논 소프트웨어 맥스 187,소프트웨어,캐논,81000,147000,221,판매중
500612,로지텍 소모품 스마트 715,소모품,로지텍,703000,951500,146,판매중
500613,WD 모니터 라이트 564,모니터,WD,2097000,2904600,610,판매중
500614,ASUS 키보드/마우스 프로 307,키보드/마우스,ASUS,1583000,2046100,535,판매중
500615,캐논 액세서리 울트라 281,액세서리,캐논,1724000,3066200,487,판매중
500616,삼성 소프트웨어 울트라 195,소프트웨어,삼성,2181000,3385600,493,판매중
500617,씨게이트 소프트웨어 스마트 634,소프트웨어,씨게이트,9000,16400,430,판매중
500618,엡손 노트북 넥스트 908,노트북,엡손,2175000,3263000,787,판매중
500619,MS 소프트웨어 에어 360,소프트웨어,MS,2364000,2998500,488,판매중
500620,Dell 데스크탑 스마트 363,데스크탑,Dell,2455000,4452700,193,단종
500621,WD 노트북 프로 484,노트북,WD,2145000,2750900,670,판매중
500622,ASUS 네트워크장비 스마트 767,네트워크장비,ASUS,1488000,1896600,599,판매중
500623,ASUS 액세서리 맥스 796,액세서리,ASUS,2317000,3373400,406,판매중
500624,씨게이트 프린터 라이트 672,프린터,씨게이트,2288000,3518300,568,판매중
500625,WD 저장장치 스마트 853,저장장치,WD,1415000,2464800,141,판매중
500626,엡손 데스크탑 에어 202,데스크탑,엡손,946000,1430900,219,판매중
500627,MS 네트워크장비 프로 264,네트워크장비,MS,2260000,3683300,398,판매중
500628,MS 노트북 넥스트 714,노트북,MS,378000,671400,445,판매중
500629,HP 저장장치 프로 841,저장장치,HP,1523000,1912900,393,판매중
500630,WD 프린터 프로 892,프린터,WD,2139000,2995700,179,판매중
500631,삼성 소모품 맥스 299,소모품,삼성,831000,1491900,34,판매중
500632,씨게이트 액세서리 프로 468,액세서리,씨게이트,953000,1553900,244,판매중
500633,LG 모니터 라이트 785,모니터,LG,1135000,1981400,404,판매중
500634,씨게이트 키보드/마우스 울트라 192,키보드/마우스,씨게이트,67000,114900,562,판매중
500635,WD 액세서리 맥스 331,액세서리,WD,1430000,2063800,620,판매중
500636,ASUS 소모품 에어 516,소모품,ASUS,2359000,2838400,518,판매중
500637,씨게이트 데스크탑 울트라 922,데스크탑,씨게이트,1210000,1739900,525,판매중
500638,MS 액세서리 넥스트 486,액세서리,MS,2359000,3243800,576,판매중
500639,MS 키보드/마우스 넥스트 797,키보드/마우스,MS,1396000,2614500,471,판매중
500640,로지텍 노트북 스마트 748,노트북,로지텍,481000,664000,225,판매중
500641,MS 키보드/마우스 라이트 628,키보드/마우스,MS,1298000,1932300,548,단종
500642,HP 저장장치 라이트 177,저장장치,HP,1181000,1494000,567,판매중
500643,레노버 소모품 맥스 287,소모품,레노버,1453000,1965900,764,판매중
500644,로지텍 키보드/마우스 플러스 993,키보드/마우스,로지텍,822000,1121500,271,판매중
500645,HP 키보드/마우스 울트라 222,키보드/마우스,HP,1463000,1915300,80,판매중
500646,WD 소모품 프로 968,소모품,WD,32000,55500,493,판매중
500647,로지텍 네트워크장비 넥스트 287,네트워크장비,로지텍,2358000,4263500,782,판매중
500648,ASUS 저장장치 에어 155,저장장치,ASUS,914000,1576700,538,판매중
500649,씨게이트 소모품 스마트 981,소모품,씨게이트,138000,214100,702,판매중
500650,LG 소모품 프로 112,소모품,LG,2127000,3237300,690,판매중
500651,LG 소프트웨어 맥스 291,소프트웨어,LG,1337000,1942800,561,판매중
500652,로지텍 저장장치 넥스트 534,저장장치,로지텍,1410000,2053100,215,판매중
500653,레노버 네트워크장비 에어 685,네트워크장비,레노버,1645000,2295900,134,판매중
500654,LG 키보드/마우스 스마트 976,키보드/마우스,LG,1110000,1956700,390,판매중
500655,로지텍 모니터 넥스트 237,모니터,로지텍,44000,58200,645,판매중
500656,MS 네트워크장비 프로 507,네트워크장비,MS,1998000,2817200,101,판매중
500657,HP 노트북 울트라 560,노트북,HP,1046000,1604100,762,판매중
500658,레노버 네트워크장비 맥스 452,네트워크장비,레노버,2300000,3657500,20,판매중
500659,캐논 네트워크장비 에어 899,네트워크장비,캐논,2485000,3328000,291,판매중
500660,로지텍 액세서리 스마트 728,액세서리,로지텍,1835000,3344700,293,판매중
500661,애플 모니터 스마트 969,모니터,애플,1386000,2072400,73,판매중
500662,HP 네트워크장비 맥스 827,네트워크장비,HP,1289000,1832700,273,판매중
500663,Dell 프린터 라이트 865,프린터,Dell,1827000,3191100,601,판매중
500664,ASUS 소모품 프로 228,소모품,ASUS,690000,916800,745,판매중
500665,엡손 저장장치 스마트 205,저장장치,엡손,332000,447300,97,판매중
500666,씨게이트 소모품 스마트 636,소모품,씨게이트,225000,274100,783,판매중
500667,Dell 데스크탑 스마트 416,데스크탑,Dell,641000,807000,234,판매중
500668,로지텍 저장장치 에어 129,저장장치,로지텍,522000,674300,35,판매중
500669,로지텍 네트워크장비 맥스 661,네트워크장비,로지텍,1918000,3610600,455,판매중
500670,애플 액세서리 스마트 636,액세서리,애플,2425000,3924300,655,판매중
500671,레노버 저장장치 울트라 552,저장장치,레노버,1977000,3119200,315,판매중
500672,애플 저장장치 에어 452,저장장치,애플,1248000,1506800,293,판매중
500673,엡손 노트북 넥스트 406,노트북,엡손,2019000,3761100,9,판매중
500674,WD 저장장치 라이트 293,저장장치,WD,952000,1673300,421,판매중
500675,ASUS 프린터 스마트 948,프린터,ASUS,1028000,1351000,387,판매중
500676,ASUS 데스크탑 맥스 391,데스크탑,ASUS,986000,1539700,664,판매중
500677,ASUS 저장장치 에어 239,저장장치,ASUS,775000,1393000,296,판매중
500678,WD 소모품 넥스트 292,소모품,WD,1859000,2584900,328,단종
500679,씨게이트 노트북 울트라 388,노트북,씨게이트,95000,126300,275,판매중
500680,엡손 소모품 에어 115,소모품,엡손,38000,51700,505,판매중
500681,Dell 프린터 넥스트 813,프린터,Dell,2046000,3884400,32,판매중
500682,삼성 모니터 울트라 656,모니터,삼성,1096000,1910200,481,판매중
500683,ASUS 저장장치 플러스 494,저장장치,ASUS,56000,71900,789,판매중
500684,엡손 키보드/마우스 울트라 633,키보드/마우스,엡손,142000,190100,681,판매중
500685,ASUS 소모품 에어 744,소모품,ASUS,1283000,2380400,745,단종
500686,씨게이트 액세서리 맥스 303,액세서리,씨게이트,505000,695500,369,판매중
500687,LG 키보드/마우스 라이트 115,키보드/마우스,LG,971000,1595300,171,판매중
500688,LG 소프트웨어 프로 143,소프트웨어,LG,1626000,2849400,595,판매중
500689,엡손 소모품 울트라 354,소모품,엡손,2447000,3201800,161,판매중
500690,레노버 소프트웨어 에어 818,소프트웨어,레노버,250000,310400,549,판매중
500691,로지텍 모니터 라이트 924,모니터,로지텍,958000,1362000,449,판매중
500692,엡손 노트북 에어 356,노트북,엡손,1552000,2251500,40,판매중
500693,씨게이트 소모품 넥스트 294,소모품,씨게이트,1212000,1914800,580,판매중
500694,레노버 네트워크장비 에어 170,네트워크장비,레노버,1923000,2678200,543,판매중
500695,Dell 저장장치 프로 894,저장장치,Dell,2223000,3238800,653,판매중
500696,삼성 모니터 플러스 428,모니터,삼성,1496000,2607800,738,판매중
500697,ASUS 액세서리 넥스트 884,액세서리,ASUS,782000,1225200,564,판매중
500698,레노버 저장장치 울트라 198,저장장치,레노버,1683000,2774600,535,판매중
500699,애플 노트북 플러스 209,노트북,애플,736000,1333200,497,판매중
500700,WD 노트북 맥스 150,노트북,WD,1596000,2650200,375,판매중
500701,삼성 데스크탑 울트라 579,데스크탑,삼성,859000,1425100,654,판매중
500702,엡손 액세서리 프로 943,액세서리,엡손,1708000,3032400,631,판매중
500703,엡손 노트북 울트라 321,노트북,엡손,293000,522700,531,판매중
500704,씨게이트 키보드/마우스 플러스 683,키보드/마우스,씨게이트,1583000,2109500,640,판매중
500705,엡손 액세서리 울트라 884,액세서리,엡손,2291000,3415000,653,판매중
500706,엡손 소모품 에어 911,소모품,엡손,1754000,3188700,184,판매중
500707,레노버 액세서리 넥스트 460,액세서리,레노버,652000,1026000,322,판매중
500708,레노버 네트워크장비 스마트 945,네트워크장비,레노버,1693000,2937200,743,판매중
500709,WD 키보드/마우스 맥스 468,키보드/마우스,WD,2239000,3022000,463,판매중
500710,삼성 프린터 프로 630,프린터,삼성,146000,275600,138,판매중
500711,삼성 저장장치 플러스 976,저장장치,삼성,1235000,2333000,322,단종
500712,씨게이트 저장장치 에어 196,저장장치,씨게이트,2099000,3336200,38,판매중
500713,애플 모니터 플러스 338,모니터,애플,1090000,1588000,262,판매중
500714,WD 데스크탑 플러스 851,데스크탑,WD,1642000,2624400,79,판매중
500715,애플 소모품 울트라 709,소모품,애플,2004000,3563000,657,판매중
500716,ASUS 소프트웨어 라이트 456,소프트웨어,ASUS,326000,569200,444,판매중
500717,MS 데스크탑 프로 749,데스크탑,MS,933000,1607900,796,판매중
500718,Dell 노트북 에어 434,노트북,Dell,2152000,2644400,514,판매중
500719,삼성 모니터 울트라 327,모니터,삼성,1614000,3033800,442,판매중
500720,애플 프린터 넥스트 685,프린터,애플,546000,783600,763,단종
500721,Dell 프린터 스마트 892,프린터,Dell,353000,522000,714,판매중
500722,로지텍 모니터 스마트 767,모니터,로지텍,2295000,3072200,585,판매중
500723,엡손 소프트웨어 울트라 372,소프트웨어,엡손,2152000,2953300,795,판매중
500724,LG 소프트웨어 스마트 474,소프트웨어,LG,465000,776600,356,판매중
500725,WD 네트워크장비 에어 458,네트워크장비,WD,104000,180800,631,판매중
500726,WD 소모품 플러스 304,소모품,WD,602000,908000,701,판매중
500727,LG 데스크탑 에어 989,데스크탑,LG,228000,312300,294,단종
500728,Dell 데스크탑 라이트 314,데스크탑,Dell,1848000,2827100,757,판매중
500729,씨게이트 키보드/마우스 넥스트 737,키보드/마우스,씨게이트,2148000,3705800,747,판매중
500730,ASUS 노트북 프로 361,노트북,ASUS,2392000,4387400,174,판매중
500731,MS 키보드/마우스 프로 168,키보드/마우스,MS,1116000,1380600,397,판매중
500732,LG 네트워크장비 스마트 336,네트워크장비,LG,83000,116500,389,판매중
500733,레노버 데스크탑 울트라 290,데스크탑,레노버,1990000,3595400,203,판매중
500734,씨게이트 소모품 맥스 441,소모품,씨게이트,93000,114100,501,판매중
500735,삼성 모니터 라이트 740,모니터,삼성,1425000,2392600,309,판매중
500736,Dell 액세서리 스마트 934,액세서리,Dell,258000,422600,30,판매중
500737,HP 저장장치 스마트 772,저장장치,HP,626000,900900,140,판매중
500738,씨게이트 프린터 에어 536,프린터,씨게이트,936000,1396600,319,판매중
500739,로지텍 네트워크장비 에어 694,네트워크장비,로지텍,2225000,2875200,554,판매중
500740,애플 키보드/마우스 에어 540,키보드/마우스,애플,1270000,2136100,788,판매중
500741,애플 소프트웨어 울트라 288,소프트웨어,애플,1305000,1627900,325,판매중
500742,엡손 모니터 스마트 521,모니터,엡손,125000,216900,310,판매중
500743,애플 저장장치 에어 126,저장장치,애플,774000,986600,780,판매중
500744,Dell 소프트웨어 플러스 710,소프트웨어,Dell,2485000,3968300,237,판매중
500745,레노버 노트북 넥스트 237,노트북,레노버,330000,554900,514,판매중
500746,엡손 소모품 스마트 603,소모품,엡손,1536000,2041000,485,판매중
500747,HP 키보드/마우스 프로 376,키보드/마우스,HP,137000,203500,422,판매중
500748,MS 키보드/마우스 넥스트 987,키보드/마우스,MS,842000,1049300,631,판매중
500749,로지텍 네트워크장비 프로 722,네트워크장비,로지텍,1015000,1521700,752,판매중
500750,ASUS 네트워크장비 프로 633,네트워크장비,ASUS,2347000,3791900,111,판매중
500751,HP 노트북 프로 671,노트북,HP,2129000,3356300,396,판매중
500752,HP 노트북 맥스 892,노트북,HP,1197000,1804700,292,판매중
500753,Dell 프린터 에어 574,프린터,Dell,228000,383700,661,판매중
500754,LG 액세서리 에어 502,액세서리,LG,741000,1293100,423,판매중
500755,애플 노트북 플러스 565,노트북,애플,1863000,3005400,92,판매중
500756,엡손 모니터 넥스트 749,모니터,엡손,511000,645800,371,판매중
500757,엡손 프린터 에어 487,프린터,엡손,2100000,3419700,563,판매중
500758,레노버 모니터 에어 266,모니터,레노버,2321000,4200800,148,판매중
500759,ASUS 노트북 넥스트 395,노트북,ASUS,1266000,1793400,641,판매중
500760,HP 모니터 맥스 112,모니터,HP,19000,31000,469,판매중
500761,씨게이트 소모품 넥스트 343,소모품,씨게이트,28000,45500,222,판매중
500762,로지텍 소모품 프로 350,소모품,로지텍,1684000,2541600,560,판매중
500763,HP 액세서리 프로 768,액세서리,HP,205000,272500,357,단종
500764,캐논 노트북 맥스 439,노트북,캐논,2372000,4237800,89,단종
500765,애플 프린터 에어 566,프린터,애플,665000,1110800,767,판매중
500766,LG 노트북 스마트 939,노트북,LG,1230000,1753900,69,판매중
500767,LG 액세서리 울트라 811,액세서리,LG,1204000,1841600,281,판매중
500768,씨게이트 프린터 프로 211,프린터,씨게이트,864000,1457600,585,판매중
500769,LG 액세서리 맥스 537,액세서리,LG,1986000,3389800,623,판매중
500770,씨게이트 저장장치 라이트 232,저장장치,씨게이트,2360000,4475700,629,판매중
500771,엡손 액세서리 에어 724,액세서리,엡손,2043000,3155900,238,판매중
500772,삼성 키보드/마우스 울트라 855,키보드/마우스,삼성,489000,595000,212,판매중
500773,ASUS 프린터 플러스 111,프린터,ASUS,191000,273800,655,판매중
500774,Dell 저장장치 라이트 885,저장장치,Dell,282000,399100,6,판매중
500775,레노버 네트워크장비 프로 952,네트워크장비,레노버,1627000,2777400,179,판매중
500776,캐논 네트워크장비 프로 761,네트워크장비,캐논,1967000,3621800,139,판매중
500777,씨게이트 소모품 스마트 860,소모품,씨게이트,1377000,2098100,57,판매중
500778,WD 저장장치 프로 313,저장장치,WD,1297000,2060400,591,판매중
500779,LG 네트워크장비 프로 447,네트워크장비,LG,616000,860100,384,판매중
500780,WD 모니터 울트라 985,모니터,WD,2485000,3659600,769,판매중
500781,엡손 네트워크장비 울트라 608,네트워크장비,엡손,134000,186200,243,판매중
500782,HP 저장장치 울트라 483,저장장치,HP,2155000,3042000,38,판매중
500783,로지텍 데스크탑 넥스트 612,데스크탑,로지텍,2077000,2528600,157,판매중
500784,엡손 소모품 라이트 246,소모품,엡손,2149000,3045600,787,판매중
500785,캐논 액세서리 프로 570,액세서리,캐논,548000,736300,396,판매중
500786,LG 액세서리 프로 803,액세서리,LG,21000,29700,608,판매중
500787,로지텍 네트워크장비 맥스 123,네트워크장비,로지텍,193000,245500,591,판매중
500788,레노버 키보드/마우스 맥스 645,키보드/마우스,레노버,826000,1102500,326,판매중
500789,Dell 데스크탑 울트라 115,데스크탑,Dell,616000,807100,637,판매중
500790,HP 데스크탑 라이트 377,데스크탑,HP,2227000,3218500,144,판매중
500791,WD 저장장치 맥스 727,저장장치,WD,1007000,1329100,346,판매중
500792,애플 노트북 프로 208,노트북,애플,123000,188100,392,단종
500793,ASUS 프린터 넥스트 731,프린터,ASUS,738000,1249600,364,판매중
500794,엡손 키보드/마우스 넥스트 681,키보드/마우스,엡손,2190000,2748400,134,판매중
500795,LG 소모품 넥스트 581,소모품,LG,1871000,2651700,237,판매중
500796,WD 모니터 스마트 287,모니터,WD,1061000,1951100,716,판매중
500797,MS 네트워크장비 프로 166,네트워크장비,MS,1335000,2025500,486,판매중
500798,로지텍 소모품 라이트 718,소모품,로지텍,704000,983800,588,판매중
500799,ASUS 데스크탑 울트라 911,데스크탑,ASUS,443000,632600,309,판매중
500800,WD 프린터 플러스 661,프린터,WD,1698000,2321100,162,판매중
500801,LG 프린터 스마트 903,프린터,LG,1400000,1884000,445,판매중
500802,씨게이트 네트워크장비 울트라 857,네트워크장비,씨게이트,972000,1284100,728,판매중
500803,LG 소모품 라이트 668,소모품,LG,2430000,3929900,99,판매중
500804,Dell 모니터 울트라 801,모니터,Dell,1667000,2081600,610,판매중
500805,레노버 프린터 프로 192,프린터,레노버,2029000,3350800,222,판매중
500806,MS 소프트웨어 에어 563,소프트웨어,MS,5000,8600,544,판매중
500807,WD 소프트웨어 라이트 406,소프트웨어,WD,1836000,2454600,583,판매중
500808,ASUS 저장장치 프로 726,저장장치,ASUS,1415000,2678800,522,판매중
500809,Dell 모니터 프로 100,모니터,Dell,260000,379100,720,판매중
500810,LG 네트워크장비 플러스 542,네트워크장비,LG,1160000,2094900,719,판매중
500811,엡손 네트워크장비 스마트 658,네트워크장비,엡손,1572000,2333100,216,판매중
500812,애플 소모품 라이트 960,소모품,애플,775000,1231300,427,판매중
500813,애플 모니터 프로 247,모니터,애플,52000,65000,738,판매중
500814,애플 프린터 스마트 980,프린터,애플,351000,454900,466,판매중
500815,ASUS 소프트웨어 스마트 665,소프트웨어,ASUS,741000,1124800,460,판매중
500816,애플 키보드/마우스 넥스트 967,키보드/마우스,애플,1744000,2830800,748,판매중
500817,Dell 액세서리 라이트 134,액세서리,Dell,1687000,3118500,38,판매중
500818,LG 네트워크장비 울트라 245,네트워크장비,LG,2381000,3659700,747,판매중
500819,로지텍 저장장치 울트라 351,저장장치,로지텍,2122000,2662600,483,판매중
500820,캐논 데스크탑 맥스 727,데스크탑,캐논,2213000,3891900,54,판매중
500821,MS 액세서리 넥스트 687,액세서리,MS,49000,74800,751,판매중
500822,MS 네트워크장비 프로 811,네트워크장비,MS,1211000,1698300,611,판매중
500823,Dell 소프트웨어 에어 686,소프트웨어,Dell,256000,419900,52,판매중
500824,MS 저장장치 울트라 229,저장장치,MS,116000,162400,517,판매중
500825,Dell 저장장치 맥스 978,저장장치,Dell,547000,892100,263,단종
500826,WD 데스크탑 에어 774,데스크탑,WD,720000,1322700,457,판매중
500827,Dell 모니터 프로 451,모니터,Dell,972000,1496300,86,판매중
500828,애플 소프트웨어 스마트 888,소프트웨어,애플,2036000,3516000,392,판매중
500829,엡손 소모품 라이트 155,소모품,엡손,690000,929800,657,판매중
500830,삼성 데스크탑 넥스트 408,데스크탑,삼성,691000,1053600,487,판매중
500831,HP 액세서리 스마트 585,액세서리,HP,1560000,2618300,268,판매중
500832,삼성 프린터 넥스트 491,프린터,삼성,1187000,2194800,694,판매중
500833,캐논 액세서리 라이트 964,액세서리,캐논,173000,219300,442,판매중
500834,레노버 저장장치 울트라 361,저장장치,레노버,1112000,1542300,670,판매중
500835,MS 소모품 플러스 632,소모품,MS,995000,1705400,345,판매중
500836,레노버 모니터 프로 951,모니터,레노버,2248000,2714200,69,단종
500837,씨게이트 데스크탑 라이트 324,데스크탑,씨게이트,430000,722300,742,판매중
500838,삼성 키보드/마우스 프로 708,키보드/마우스,삼성,102000,166600,672,판매중
500839,WD 키보드/마우스 울트라 188,키보드/마우스,WD,503000,852900,619,판매중
500840,MS 소프트웨어 에어 359,소프트웨어,MS,761000,1390500,301,판매중
500841,캐논 데스크탑 맥스 887,데스크탑,캐논,1862000,3437000,437,판매중
500842,Dell 네트워크장비 맥스 895,네트워크장비,Dell,668000,1166600,63,판매중
500843,삼성 네트워크장비 맥스 282,네트워크장비,삼성,1062000,1984700,451,판매중
500844,WD 키보드/마우스 넥스트 211,키보드/마우스,WD,1613000,2137000,147,판매중
500845,HP 프린터 맥스 205,프린터,HP,440000,809000,35,판매중
500846,엡손 소프트웨어 프로 609,소프트웨어,엡손,1031000,1798100,152,판매중
500847,삼성 노트북 라이트 500,노트북,삼성,1604000,2223900,588,단종
500848,로지텍 소모품 울트라 653,소모품,로지텍,1791000,2655500,231,단종
500849,LG 소모품 라이트 441,소모품,LG,2328000,3665900,698,판매중
500850,캐논 노트북 라이트 182,노트북,캐논,376000,547300,470,판매중
500851,캐논 저장장치 프로 493,저장장치,캐논,836000,1106500,676,판매중
500852,LG 프린터 넥스트 852,프린터,LG,1476000,2273800,194,판매중
500853,삼성 키보드/마우스 스마트 164,키보드/마우스,삼성,2433000,3325700,553,판매중
500854,씨게이트 소모품 프로 137,소모품,씨게이트,1845000,3462300,347,단종
500855,ASUS 노트북 넥스트 794,노트북,ASUS,489000,659200,549,판매중
500856,HP 소프트웨어 에어 600,소프트웨어,HP,300000,367700,669,단종
500857,삼성 소프트웨어 에어 114,소프트웨어,삼성,999000,1689200,176,판매중
500858,MS 저장장치 에어 955,저장장치,MS,403000,612200,605,판매중
500859,LG 데스크탑 플러스 164,데스크탑,LG,2041000,3299200,207,판매중
500860,레노버 프린터 에어 429,프린터,레노버,499000,939600,218,판매중
500861,애플 소프트웨어 맥스 244,소프트웨어,애플,1379000,1715800,775,판매중
500862,씨게이트 네트워크장비 프로 236,네트워크장비,씨게이트,680000,1024800,102,판매중
500863,ASUS 소프트웨어 넥스트 182,소프트웨어,ASUS,651000,788300,6,단종
500864,엡손 데스크탑 스마트 810,데스크탑,엡손,2436000,4435500,791,판매중
500865,HP 모니터 넥스트 521,모니터,HP,591000,973800,244,판매중
500866,엡손 소프트웨어 넥스트 726,소프트웨어,엡손,159000,257100,90,판매중
500867,레노버 저장장치 플러스 296,저장장치,레노버,1720000,2069500,120,판매중
500868,WD 데스크탑 플러스 575,데스크탑,WD,1487000,2682400,788,판매중
500869,Dell 키보드/마우스 에어 801,키보드/마우스,Dell,222000,296500,485,판매중
500870,캐논 모니터 라이트 391,모니터,캐논,181000,224000,214,판매중
500871,WD 네트워크장비 프로 650,네트워크장비,WD,1861000,2289600,180,판매중
500872,로지텍 노트북 플러스 838,노트북,로지텍,2114000,2708500,455,판매중
500873,ASUS 네트워크장비 라이트 335,네트워크장비,ASUS,819000,1411100,797,판매중
500874,LG 키보드/마우스 플러스 484,키보드/마우스,LG,976000,1675200,225,판매중
500875,로지텍 소프트웨어 에어 321,소프트웨어,로지텍,227000,413800,624,판매중
500876,레노버 프린터 플러스 747,프린터,레노버,563000,855900,367,판매중
500877,레노버 키보드/마우스 프로 387,키보드/마우스,레노버,526000,643000,139,판매중
500878,로지텍 소모품 라이트 325,소모품,로지텍,1718000,2267400,302,판매중
500879,애플 소프트웨어 플러스 188,소프트웨어,애플,2372000,4457200,421,판매중
500880,HP 소모품 넥스트 385,소모품,HP,2428000,3718300,14,판매중
500881,HP 키보드/마우스 플러스 705,키보드/마우스,HP,1345000,2022800,152,판매중
500882,ASUS 노트북 넥스트 851,노트북,ASUS,186000,228400,787,판매중
500883,씨게이트 프린터 울트라 563,프린터,씨게이트,1620000,2487400,507,판매중
500884,MS 액세서리 스마트 323,액세서리,MS,55000,92600,135,판매중
500885,캐논 키보드/마우스 맥스 265,키보드/마우스,캐논,376000,455300,720,판매중
500886,엡손 소프트웨어 넥스트 574,소프트웨어,엡손,2395000,2914900,790,판매중
500887,애플 프린터 프로 981,프린터,애플,1522000,2494200,642,판매중
500888,씨게이트 네트워크장비 맥스 814,네트워크장비,씨게이트,138000,194200,627,판매중
500889,MS 키보드/마우스 라이트 853,키보드/마우스,MS,336000,549100,56,판매중
500890,삼성 네트워크장비 넥스트 733,네트워크장비,삼성,459000,673800,41,판매중
500891,캐논 모니터 플러스 241,모니터,캐논,2293000,3882900,342,판매중
500892,캐논 데스크탑 플러스 871,데스크탑,캐논,1964000,3370500,762,판매중
500893,레노버 네트워크장비 스마트 383,네트워크장비,레노버,1100000,1707700,55,판매중
500894,로지텍 네트워크장비 울트라 581,네트워크장비,로지텍,1996000,3095800,726,판매중
500895,Dell 액세서리 울트라 292,액세서리,Dell,1856000,3033900,468,판매중
500896,애플 프린터 울트라 211,프린터,애플,1186000,2218700,168,판매중
500897,로지텍 모니터 프로 400,모니터,로지텍,621000,1125500,426,판매중
500898,애플 액세서리 넥스트 855,액세서리,애플,1946000,2807400,660,단종
500899,LG 키보드/마우스 플러스 954,키보드/마우스,LG,95000,171900,532,판매중
500900,WD 프린터 라이트 597,프린터,WD,1409000,2337500,607,판매중
500901,씨게이트 액세서리 에어 908,액세서리,씨게이트,1828000,2779600,313,판매중
500902,HP 저장장치 맥스 888,저장장치,HP,1988000,2903100,48,판매중
500903,로지텍 저장장치 에어 828,저장장치,로지텍,686000,1120200,548,판매중
500904,엡손 모니터 울트라 142,모니터,엡손,633000,831000,324,판매중
500905,Dell 소모품 프로 781,소모품,Dell,1519000,2018900,324,판매중
500906,레노버 모니터 에어 646,모니터,레노버,1841000,2904900,308,판매중
500907,ASUS 노트북 넥스트 427,노트북,ASUS,2050000,3562800,159,단종
500908,씨게이트 액세서리 맥스 585,액세서리,씨게이트,1361000,2249800,296,판매중
500909,캐논 소프트웨어 넥스트 446,소프트웨어,캐논,607000,1068100,705,판매중
500910,삼성 소모품 울트라 415,소모품,삼성,576000,964500,25,판매중
500911,로지텍 키보드/마우스 프로 722,키보드/마우스,로지텍,1468000,1856600,656,판매중
500912,HP 액세서리 울트라 651,액세서리,HP,1143000,1528100,456,판매중
500913,씨게이트 데스크탑 라이트 717,데스크탑,씨게이트,1620000,2164500,619,판매중
500914,캐논 노트북 스마트 478,노트북,캐논,1483000,2192300,395,판매중
500915,레노버 저장장치 넥스트 995,저장장치,레노버,1444000,2044200,574,판매중
500916,엡손 소모품 맥스 267,소모품,엡손,1707000,3008700,745,판매중
500917,엡손 프린터 울트라 247,프린터,엡손,1701000,2207300,212,판매중
500918,레노버 액세서리 스마트 190,액세서리,레노버,275000,509600,6,판매중
500919,ASUS 저장장치 에어 304,저장장치,ASUS,721000,1145700,190,판매중
500920,씨게이트 저장장치 맥스 954,저장장치,씨게이트,2014000,2476300,599,판매중
500921,엡손 액세서리 프로 257,액세서리,엡손,1903000,2582600,268,판매중
500922,LG 소모품 넥스트 804,소모품,LG,1183000,1765000,660,판매중
500923,MS 데스크탑 울트라 713,데스크탑,MS,1140000,1761400,763,판매중
500924,WD 소모품 넥스트 810,소모품,WD,1791000,3237800,122,판매중
500925,삼성 소프트웨어 프로 249,소프트웨어,삼성,1068000,1403300,327,판매중
500926,레노버 모니터 라이트 529,모니터,레노버,673000,832500,651,판매중
500927,삼성 네트워크장비 울트라 626,네트워크장비,삼성,1192000,1673700,198,판매중
500928,MS 모니터 에어 656,모니터,MS,392000,634700,330,판매중
500929,Dell 저장장치 라이트 943,저장장치,Dell,1489000,1886600,147,단종
500930,Dell 액세서리 스마트 448,액세서리,Dell,1532000,2673500,166,판매중
500931,씨게이트 모니터 울트라 527,모니터,씨게이트,910000,1621700,471,판매중
500932,애플 데스크탑 맥스 807,데스크탑,애플,76000,116700,371,판매중
500933,WD 소모품 라이트 276,소모품,WD,2147000,3723900,726,판매중
500934,HP 데스크탑 에어 804,데스크탑,HP,532000,957400,232,판매중
500935,애플 키보드/마우스 울트라 179,키보드/마우스,애플,326000,488100,19,판매중
500936,삼성 프린터 프로 580,프린터,삼성,809000,1031800,121,판매중
500937,LG 노트북 울트라 901,노트북,LG,1240000,2067400,126,판매중
500938,WD 키보드/마우스 라이트 129,키보드/마우스,WD,824000,1095300,92,판매중
500939,WD 저장장치 플러스 617,저장장치,WD,1429000,2067100,583,판매중
500940,MS 소프트웨어 플러스 388,소프트웨어,MS,62000,97300,175,판매중
500941,삼성 액세서리 넥스트 475,액세서리,삼성,409000,755400,714,판매중
500942,캐논 소모품 라이트 488,소모품,캐논,444000,589000,434,판매중
500943,ASUS 키보드/마우스 라이트 226,키보드/마우스,ASUS,467000,809300,477,판매중
500944,로지텍 모니터 프로 184,모니터,로지텍,1484000,2512800,335,판매중
500945,Dell 프린터 맥스 803,프린터,Dell,1876000,3039600,454,판매중
500946,Dell 프린터 울트라 961,프린터,Dell,1757000,2340500,487,판매중
500947,애플 네트워크장비 넥스트 788,네트워크장비,애플,57000,108200,107,판매중
500948,캐논 액세서리 스마트 510,액세서리,캐논,353000,453000,711,판매중
500949,엡손 데스크탑 플러스 446,데스크탑,엡손,696000,866700,205,판매중
500950,LG 프린터 넥스트 385,프린터,LG,958000,1711600,783,판매중
500951,WD 소프트웨어 스마트 464,소프트웨어,WD,1123000,1942100,487,판매중
500952,로지텍 프린터 넥스트 210,프린터,로지텍,2099000,2928500,125,판매중
500953,HP 소모품 프로 950,소모품,HP,556000,678700,69,판매중
500954,애플 노트북 라이트 256,노트북,애플,1572000,2551600,310,판매중
500955,MS 데스크탑 넥스트 911,데스크탑,MS,318000,528700,477,판매중
500956,로지텍 소모품 라이트 928,소모품,로지텍,2072000,2865900,553,판매중
500957,ASUS 노트북 라이트 973,노트북,ASUS,492000,722500,385,판매중
500958,삼성 노트북 맥스 823,노트북,삼성,729000,1158800,168,판매중
500959,Dell 모니터 울트라 682,모니터,Dell,1598000,2462800,691,판매중
500960,캐논 액세서리 넥스트 675,액세서리,캐논,2214000,3543600,160,판매중
500961,Dell 프린터 스마트 731,프린터,Dell,2031000,3277400,692,판매중
500962,레노버 저장장치 프로 231,저장장치,레노버,256000,312200,375,판매중
500963,삼성 소프트웨어 스마트 453,소프트웨어,삼성,1402000,2055800,365,판매중
500964,캐논 노트북 맥스 706,노트북,캐논,1005000,1380100,86,판매중
500965,Dell 데스크탑 프로 651,데스크탑,Dell,473000,679300,333,단종
500966,WD 프린터 맥스 120,프린터,WD,2113000,3868800,712,판매중
500967,레노버 노트북 라이트 686,노트북,레노버,1552000,2482000,100,판매중
500968,엡손 데스크탑 라이트 270,데스크탑,엡손,848000,1217000,629,판매중
500969,HP 프린터 울트라 960,프린터,HP,2040000,3355400,548,판매중
500970,삼성 저장장치 스마트 923,저장장치,삼성,1222000,2318500,231,판매중
500971,엡손 데스크탑 라이트 379,데스크탑,엡손,2373000,3004900,68,판매중
500972,로지텍 액세서리 울트라 767,액세서리,로지텍,1754000,2362300,309,판매중
500973,ASUS 저장장치 스마트 511,저장장치,ASUS,2216000,3145200,257,판매중
500974,캐논 소모품 프로 742,소모품,캐논,2247000,2980400,720,판매중
500975,WD 모니터 넥스트 374,모니터,WD,2049000,2764200,653,판매중
500976,MS 소프트웨어 프로 634,소프트웨어,MS,1781000,3302400,205,판매중
500977,HP 모니터 맥스 964,모니터,HP,621000,1069600,445,판매중
500978,캐논 데스크탑 맥스 943,데스크탑,캐논,838000,1501800,293,판매중
500979,캐논 저장장치 플러스 216,저장장치,캐논,2467000,3368100,153,판매중
500980,MS 키보드/마우스 스마트 532,키보드/마우스,MS,1276000,1945700,662,판매중
500981,애플 키보드/마우스 맥스 908,키보드/마우스,애플,1122000,1453500,284,판매중
500982,캐논 모니터 넥스트 901,모니터,캐논,177000,331800,20,단종
500983,레노버 데스크탑 울트라 516,데스크탑,레노버,2469000,3477700,372,판매중
500984,ASUS 데스크탑 울트라 634,데스크탑,ASUS,580000,791800,680,판매중
500985,Dell 액세서리 플러스 714,액세서리,Dell,2038000,3707500,125,판매중
500986,레노버 네트워크장비 플러스 533,네트워크장비,레노버,2398000,4115100,223,판매중
500987,HP 모니터 맥스 983,모니터,HP,1129000,1702100,603,단종
500988,레노버 액세서리 스마트 586,액세서리,레노버,467000,663800,699,판매중
500989,MS 저장장치 라이트 941,저장장치,MS,598000,869500,315,단종
500990,삼성 소프트웨어 플러스 359,소프트웨어,삼성,228000,383800,565,판매중
500991,MS 네트워크장비 플러스 978,네트워크장비,MS,504000,793500,453,판매중
500992,Dell 프린터 플러스 404,프린터,Dell,1237000,1562500,215,판매중
500993,로지텍 모니터 스마트 908,모니터,로지텍,1304000,2367500,34,판매중
500994,MS 데스크탑 스마트 961,데스크탑,MS,2018000,3087000,340,판매중
500995,애플 데스크탑 라이트 530,데스크탑,애플,1073000,1667900,616,판매중
500996,엡손 액세서리 프로 880,액세서리,엡손,1343000,2037700,53,판매중
500997,캐논 모니터 에어 103,모니터,캐논,1821000,3193500,410,판매중
500998,레노버 저장장치 에어 355,저장장치,레노버,2363000,2971600,528,판매중
500999,WD 모니터 라이트 562,모니터,WD,1685000,2956900,489,판매중
501000,Dell 모니터 라이트 918,모니터,Dell,715000,1202000,288,판매중
